{"cameraMode":{"drawMode":0,"name":"Shaded","section":"Shading Mode"},"sceneLighting":true,"audioPlay":false,"sceneViewState":{"showFog":false,"showMaterialUpdate":true,"showSkybox":false,"showFlares":false,"showImageEffects":true,"showParticleSystems":true,"showVisualEffectGraphs":true,"m_FxEnabled":true},"in2DMode":false,"pivot":{"x":-14.526004791259766,"y":-10.59356689453125,"z":-21.644201278686525},"rotation":{"x":-0.568610429763794,"y":0.0004925805260427296,"z":-0.00033859084942378104,"w":-0.8226155638694763},"size":86.9412841796875,"orthographic":false}